client_hash_id,content_hash_id,predicted_label,proba_Declining,action,reason_code
client_08a6a72ff48e62c0,content_1516ec061fe1f8a5,Declining,0.7607906946118654,Refresh,"flagged on combined signal pattern, no single dominant factor"
client_3ffa76342f366962,content_7c47e5b8341f5d53,Declining,0.6750039418488565,Refresh,"flagged on combined signal pattern, no single dominant factor"
client_08a6a72ff48e62c0,content_e7b5dd4dff461ad2,Declining,0.6514533769073725,Refresh,position worse than typical decliner (5.8)
client_3ffa76342f366962,content_67ae6123bdbf9081,Declining,0.6379003141867307,Refresh,"flagged on combined signal pattern, no single dominant factor"
client_3ffa76342f366962,content_44ae99372709461a,Declining,0.5929934308059187,Refresh,"flagged on combined signal pattern, no single dominant factor"
client_08a6a72ff48e62c0,content_d4f022405d7854b5,Declining,0.5729142495798702,Refresh,position worse than typical decliner (7.4)
client_08a6a72ff48e62c0,content_86797912f7a91030,Declining,0.5710576637594452,Refresh,position worse than typical decliner (5.9)
client_08a6a72ff48e62c0,content_4583501696b1da5d,Declining,0.5709823711284109,Refresh,"flagged on combined signal pattern, no single dominant factor"
client_3ffa76342f366962,content_3d4c0a897ebc9abd,Declining,0.5495974532132483,Refresh,"flagged on combined signal pattern, no single dominant factor"
client_08a6a72ff48e62c0,content_78c2a75415bed757,Declining,0.5367030274680249,Refresh,position worse than typical decliner (5.0)
client_08a6a72ff48e62c0,content_d4582b0225e6d0c3,Declining,0.532689059230474,Refresh,position worse than typical decliner (6.8)
client_08a6a72ff48e62c0,content_747d45f6a60eafba,Declining,0.5323403005932278,Refresh,position worse than typical decliner (4.9)
client_08a6a72ff48e62c0,content_4c7d4d7f727e5f1b,Declining,0.5311282906162261,Refresh,position worse than typical decliner (7.6)
client_08a6a72ff48e62c0,content_537a06e2b248564f,Declining,0.5205050992978071,Refresh,position worse than typical decliner (5.3)
client_3ffa76342f366962,content_451adba9720cda3e,Declining,0.5116934839021161,Refresh,click volume below typical decliner (11)
client_08a6a72ff48e62c0,content_cac0e5b01a69377a,Declining,0.5100189235680697,Refresh,position worse than typical decliner (12.4)
client_08a6a72ff48e62c0,content_6e61fe8ab067fa06,Declining,0.49882525367638464,Monitor,position worse than typical decliner (5.1)
client_3ffa76342f366962,content_a48c13b3d6384efd,Declining,0.4965423788464687,Monitor,click volume below typical decliner (11)
client_3ffa76342f366962,content_637a4ff16937c404,Declining,0.49647079388777415,Monitor,position worse than typical decliner (6.5); click volume below typical decliner (11)
client_3ffa76342f366962,content_167c683dde4e8859,Declining,0.4930446472026897,Monitor,click volume below typical decliner (12)
client_3ffa76342f366962,content_79ded8484edd4f9c,Declining,0.4930446472026897,Monitor,click volume below typical decliner (12)
client_3ffa76342f366962,content_23ede2284998033d,Declining,0.482086675371469,Monitor,click volume below typical decliner (11)
client_08a6a72ff48e62c0,content_23d02a1d5ef7cbb1,Declining,0.4814144946618242,Monitor,"flagged on combined signal pattern, no single dominant factor"
client_9958f0a7ae1df715,content_1e99eb4c82225457,Declining,0.47840417911456096,Monitor,position worse than typical decliner (12.0); click volume below typical decliner (12)
client_3ffa76342f366962,content_e13b0a6f54e63c98,Declining,0.47497924409473774,Monitor,click volume below typical decliner (13)
client_08a6a72ff48e62c0,content_a44390fce9b7b7a2,Declining,0.4615810901542929,Monitor,"flagged on combined signal pattern, no single dominant factor"
client_08a6a72ff48e62c0,content_dbe9d927ee8bc48f,Declining,0.4612749507274062,Monitor,position worse than typical decliner (21.1); click volume below typical decliner (17)
client_3ffa76342f366962,content_81da28beb8f1dd19,Declining,0.4610743401614531,Monitor,position worse than typical decliner (5.7); click volume below typical decliner (11)
client_08a6a72ff48e62c0,content_ca0aa83ba028d4a2,Declining,0.4607850309500958,Monitor,position worse than typical decliner (8.7)
client_08a6a72ff48e62c0,content_f343acd1e0b9ddff,Declining,0.4586099706102442,Monitor,position worse than typical decliner (7.6)
client_08a6a72ff48e62c0,content_d01c975505843327,Declining,0.4575204388236076,Monitor,"flagged on combined signal pattern, no single dominant factor"
client_3ffa76342f366962,content_16cfebc01205f93e,Declining,0.45434613006922153,Monitor,position worse than typical decliner (5.6)
client_9958f0a7ae1df715,content_080ef64257742c64,Declining,0.4536242555246136,Monitor,position worse than typical decliner (18.7)
client_08a6a72ff48e62c0,content_c9089aae9399de45,Declining,0.45158688197951025,Monitor,position worse than typical decliner (7.5)
client_3ffa76342f366962,content_57c33f858ffb15e4,Declining,0.4505996266976576,Monitor,position worse than typical decliner (6.8); click volume below typical decliner (13)
client_08a6a72ff48e62c0,content_c640f96c946599a6,Declining,0.44231668559301035,Monitor,position worse than typical decliner (19.8)
client_3ffa76342f366962,content_16fa234ada23db28,Declining,0.441707327522065,Monitor,"flagged on combined signal pattern, no single dominant factor"
client_08a6a72ff48e62c0,content_2b221276b528248b,Declining,0.4417011001164891,Monitor,"flagged on combined signal pattern, no single dominant factor"
client_08a6a72ff48e62c0,content_7c5910b479d6eb9a,Stable,0.441689963971965,Monitor,"flagged on combined signal pattern, no single dominant factor"
client_3ffa76342f366962,content_ea47a9942c29eded,Declining,0.4398563042057062,Monitor,position worse than typical decliner (6.1); click volume below typical decliner (14)
client_3ffa76342f366962,content_52c98b3f26951f3b,Declining,0.4389266794473709,Monitor,click volume below typical decliner (15)
client_08a6a72ff48e62c0,content_9e549db865c2e6b7,Declining,0.43452243601130486,Monitor,position worse than typical decliner (7.3); CTR below typical decliner (0.5%)
client_08a6a72ff48e62c0,content_ca0d699a06965579,Declining,0.43355439302627213,Monitor,position worse than typical decliner (6.5)
client_9958f0a7ae1df715,content_01ab236521ddf2f9,Declining,0.43305061662949684,Monitor,position worse than typical decliner (32.3); click volume below typical decliner (23)
client_08a6a72ff48e62c0,content_eecc89bb1f031480,Declining,0.43277158932065574,Monitor,position worse than typical decliner (6.8)
client_08a6a72ff48e62c0,content_2b8931cd49b350f0,Declining,0.43219691160089213,Monitor,position worse than typical decliner (5.6)
client_08a6a72ff48e62c0,content_a6dc5742ca1b4c53,Declining,0.4287336692425142,Monitor,position worse than typical decliner (4.8)
client_08a6a72ff48e62c0,content_b6e27f4aa51c001f,Declining,0.42704605155971653,Monitor,position worse than typical decliner (6.2)
client_08a6a72ff48e62c0,content_4725aa0f64da76f3,Declining,0.4259827848489916,Monitor,"flagged on combined signal pattern, no single dominant factor"
client_08a6a72ff48e62c0,content_2fb2709638d63ae5,Declining,0.42530228073828696,Monitor,position worse than typical decliner (5.8)
client_08a6a72ff48e62c0,content_83ca3ffc4f264ebd,Stable,0.4247304138754048,Monitor,position worse than typical decliner (5.0)
client_3ffa76342f366962,content_a29f8f00b2d9b114,Declining,0.4237665066302042,Monitor,click volume below typical decliner (15)
client_08a6a72ff48e62c0,content_f1c5d38dc729e406,Declining,0.4233135930563979,Monitor,position worse than typical decliner (6.7)
client_9958f0a7ae1df715,content_1984f849589da224,Growing,0.42014954830621454,Protect,position worse than typical decliner (12.5); click volume below typical decliner (11)
client_9958f0a7ae1df715,content_2538b331a2f547ab,Declining,0.41925223279477086,Monitor,position worse than typical decliner (5.7)
client_3ffa76342f366962,content_8d4c42e5457c9e2e,Stable,0.4185850262585605,Monitor,position worse than typical decliner (5.0)
client_08a6a72ff48e62c0,content_972a9d50d0d44ae0,Declining,0.417660593480532,Monitor,position worse than typical decliner (5.2)
client_08a6a72ff48e62c0,content_56fd746eb531d009,Declining,0.41702559356750646,Monitor,position worse than typical decliner (6.0)
client_3ffa76342f366962,content_fc9c06be8ac09b75,Declining,0.41530307763421154,Monitor,click volume below typical decliner (16)
client_08a6a72ff48e62c0,content_b4a8a33e3776ddc9,Declining,0.4151299392016282,Monitor,position worse than typical decliner (6.9); CTR below typical decliner (0.1%); click volume below typical decliner (11)
client_08a6a72ff48e62c0,content_8f9d4ed5b17742be,Stable,0.4150219926498268,Monitor,position worse than typical decliner (5.3)
client_08a6a72ff48e62c0,content_28a836ac4b7b4e97,Stable,0.41332488763796477,Monitor,position worse than typical decliner (5.7)
client_3ffa76342f366962,content_16f77105ac4b5128,Declining,0.41300520398434165,Monitor,position worse than typical decliner (6.3)
client_08a6a72ff48e62c0,content_c6a623be22032dc5,Stable,0.4128011395053075,Monitor,position worse than typical decliner (5.0)
client_08a6a72ff48e62c0,content_5016dec76c29c62c,Declining,0.41250181570386096,Monitor,"flagged on combined signal pattern, no single dominant factor"
client_08a6a72ff48e62c0,content_5ba55d090b38a53a,Declining,0.4123506029421556,Monitor,position worse than typical decliner (5.3)
client_08a6a72ff48e62c0,content_f4d8a63a883af652,Declining,0.4122044214889113,Monitor,position worse than typical decliner (8.6)
client_9958f0a7ae1df715,content_5a77dbf5671c5a65,Declining,0.4102151260950317,Monitor,position worse than typical decliner (6.0)
client_08a6a72ff48e62c0,content_190aedf04434238e,Declining,0.40990659199323337,Monitor,position worse than typical decliner (5.7)
client_08a6a72ff48e62c0,content_0c88afbc33f48acb,Declining,0.40985764685940373,Monitor,position worse than typical decliner (8.3); CTR below typical decliner (0.1%); click volume below typical decliner (11)
client_3ffa76342f366962,content_2c5aae44a2df66f5,Declining,0.4093402660766064,Monitor,click volume below typical decliner (16)
client_08a6a72ff48e62c0,content_f1d0abec8420480c,Declining,0.40889888487452103,Monitor,position worse than typical decliner (4.9)
client_08a6a72ff48e62c0,content_c559b6aad30fc55c,Stable,0.40766348340382,Monitor,position worse than typical decliner (5.2)
client_08a6a72ff48e62c0,content_d12de0f4e520641e,Stable,0.40641382709495455,Monitor,position worse than typical decliner (7.2)
client_08a6a72ff48e62c0,content_5dcf3733285c7bbc,Stable,0.4057722228104557,Monitor,"flagged on combined signal pattern, no single dominant factor"
client_08a6a72ff48e62c0,content_b8cd00ba87a54668,Declining,0.4053154866907397,Monitor,"flagged on combined signal pattern, no single dominant factor"
client_3ffa76342f366962,content_0e92904e80e0ebf2,Declining,0.40447009207779216,Monitor,position worse than typical decliner (7.2); click volume below typical decliner (16)
client_08a6a72ff48e62c0,content_2bd976c075af9d8b,Declining,0.4035810258853477,Monitor,"flagged on combined signal pattern, no single dominant factor"
client_08a6a72ff48e62c0,content_c26072513a2b1533,Declining,0.40284981766139066,Monitor,position worse than typical decliner (9.7)
client_08a6a72ff48e62c0,content_d0fe7296967263bf,Stable,0.40282204196906823,Monitor,"flagged on combined signal pattern, no single dominant factor"
client_08a6a72ff48e62c0,content_a0dd9aa9ff1b221c,Declining,0.4025623148981448,Monitor,position worse than typical decliner (6.2)
client_9958f0a7ae1df715,content_96fe7476fada560c,Growing,0.4024643378107109,Protect,position worse than typical decliner (41.1); click volume below typical decliner (14)
client_08a6a72ff48e62c0,content_24331147fee9709b,Stable,0.40149223468302125,Monitor,"flagged on combined signal pattern, no single dominant factor"
client_08a6a72ff48e62c0,content_d22e29ea079b489f,Declining,0.40039527017957255,Monitor,position worse than typical decliner (6.7)
client_08a6a72ff48e62c0,content_9f6c926380e0d0ab,Growing,0.40030411165382046,Protect,position worse than typical decliner (32.8); click volume below typical decliner (12)
client_08a6a72ff48e62c0,content_731433c410981b9c,Stable,0.40007026712653415,Monitor,"flagged on combined signal pattern, no single dominant factor"
client_08a6a72ff48e62c0,content_37790b6d3f033fc2,Stable,0.3994643511959792,Monitor,position worse than typical decliner (4.8); CTR below typical decliner (0.5%)
client_08a6a72ff48e62c0,content_628777856ec911e3,Declining,0.39898767455418166,Monitor,position worse than typical decliner (8.7)
client_08a6a72ff48e62c0,content_e49dc280543eb1a5,Stable,0.39894921109464526,Monitor,position worse than typical decliner (5.7)
client_08a6a72ff48e62c0,content_0093a097f50ea763,Stable,0.3984773980450946,Monitor,position worse than typical decliner (4.8)
client_08a6a72ff48e62c0,content_6649443286908ded,Declining,0.397429940213875,Monitor,position worse than typical decliner (5.1); CTR below typical decliner (0.5%)
client_08a6a72ff48e62c0,content_b9d10595e659f08d,Stable,0.39720885895260993,Monitor,position worse than typical decliner (6.7)
client_08a6a72ff48e62c0,content_1675f37e21e2c91d,Declining,0.3964743595856919,Monitor,position worse than typical decliner (6.3); CTR below typical decliner (0.4%)
client_3ffa76342f366962,content_32bdebcb01540202,Declining,0.3961081677530125,Monitor,click volume below typical decliner (21)
client_08a6a72ff48e62c0,content_d3d1832a0549f09c,Stable,0.39582327696753994,Monitor,"flagged on combined signal pattern, no single dominant factor"
client_08a6a72ff48e62c0,content_35715507767d2e92,Stable,0.3957309670557582,Monitor,position worse than typical decliner (5.0)
client_08a6a72ff48e62c0,content_2389e6704bae6124,Stable,0.39530019876284406,Monitor,position worse than typical decliner (6.0)
client_08a6a72ff48e62c0,content_aa2f71838ddd6e42,Declining,0.39453140974990497,Monitor,"flagged on combined signal pattern, no single dominant factor"
client_08a6a72ff48e62c0,content_44eb590f1a62bfb8,Stable,0.39433090573981194,Monitor,"flagged on combined signal pattern, no single dominant factor"
client_08a6a72ff48e62c0,content_aedd695c3bdb6f3e,Stable,0.3941637115856277,Monitor,position worse than typical decliner (5.3)
client_08a6a72ff48e62c0,content_9c8ead86b453c076,Declining,0.392062190329772,Monitor,position worse than typical decliner (7.5)
client_3ffa76342f366962,content_78de668c0f317f11,Declining,0.3919515920491799,Monitor,click volume below typical decliner (17)
client_08a6a72ff48e62c0,content_066f6f52517a70ba,Stable,0.39119927514818925,Monitor,position worse than typical decliner (4.9)
client_08a6a72ff48e62c0,content_0fdf3cc0746722d6,Declining,0.3908862030066457,Monitor,position worse than typical decliner (8.2)
client_08a6a72ff48e62c0,content_3a30c11c50be83b1,Stable,0.3897886554433774,Monitor,"flagged on combined signal pattern, no single dominant factor"
client_08a6a72ff48e62c0,content_5e561473956e3e03,Stable,0.3893383885575583,Monitor,"flagged on combined signal pattern, no single dominant factor"
client_08a6a72ff48e62c0,content_1fdb10a06af78ff4,Growing,0.3891657540787886,Protect,click volume below typical decliner (12)
client_08a6a72ff48e62c0,content_c6a549a98591ce40,Stable,0.3887922643877833,Monitor,"flagged on combined signal pattern, no single dominant factor"
client_3ffa76342f366962,content_8ffa6201737fd638,Growing,0.3882354237641799,Protect,position worse than typical decliner (5.1); click volume below typical decliner (16)
client_08a6a72ff48e62c0,content_5c52ce43c1966691,Declining,0.3875276350452645,Monitor,position worse than typical decliner (9.9)
client_08a6a72ff48e62c0,content_7c6dc6096625be6e,Stable,0.38514420682490574,Monitor,"flagged on combined signal pattern, no single dominant factor"
client_08a6a72ff48e62c0,content_4775c03279f6c620,Declining,0.38422303718291145,Monitor,position worse than typical decliner (5.8)
client_3ffa76342f366962,content_8f3c7156f2699c05,Declining,0.3840106359850928,Monitor,"flagged on combined signal pattern, no single dominant factor"
client_3ffa76342f366962,content_8ec8bb0594fc32c6,Declining,0.38380327645348983,Monitor,position worse than typical decliner (5.2)
client_08a6a72ff48e62c0,content_41fcf9441d7b23f3,Declining,0.3832466916423587,Monitor,position worse than typical decliner (5.9)
client_08a6a72ff48e62c0,content_9a890967f33fccbb,Stable,0.38310873259167066,Monitor,position worse than typical decliner (5.2)
client_08a6a72ff48e62c0,content_68599cc596e5ccd0,Stable,0.38308313479712264,Monitor,"flagged on combined signal pattern, no single dominant factor"
client_08a6a72ff48e62c0,content_4023caec53ed8481,Declining,0.38307812792498297,Monitor,position worse than typical decliner (7.2)
client_08a6a72ff48e62c0,content_3a84ab97e741f758,Growing,0.3824251295043499,Protect,position worse than typical decliner (7.5); CTR below typical decliner (0.1%); click volume below typical decliner (13)
client_08a6a72ff48e62c0,content_7e71850274dc642d,Stable,0.38224206147789386,Monitor,"flagged on combined signal pattern, no single dominant factor"
client_08a6a72ff48e62c0,content_fe88fb43d08dd189,Stable,0.38165011320888553,Monitor,position worse than typical decliner (4.8)
client_08a6a72ff48e62c0,content_79e231396dac3740,Stable,0.3812995675487711,Monitor,position worse than typical decliner (5.5)
client_08a6a72ff48e62c0,content_e6525b888c642f7f,Stable,0.3803588311893138,Monitor,position worse than typical decliner (6.0)
client_08a6a72ff48e62c0,content_8515a2b38e12ed8d,Stable,0.37996578575020457,Monitor,"flagged on combined signal pattern, no single dominant factor"
client_08a6a72ff48e62c0,content_436d285440516791,Stable,0.3795608681777843,Monitor,"flagged on combined signal pattern, no single dominant factor"
client_08a6a72ff48e62c0,content_61396603a2f284e9,Stable,0.37948843436138346,Monitor,"flagged on combined signal pattern, no single dominant factor"
client_08a6a72ff48e62c0,content_43d8e82b963a00e3,Growing,0.3788261566359317,Protect,position worse than typical decliner (9.4); click volume below typical decliner (16)
client_08a6a72ff48e62c0,content_948db82af35f19ac,Stable,0.37779529408382123,Monitor,"flagged on combined signal pattern, no single dominant factor"
client_08a6a72ff48e62c0,content_858b7be0d92866d5,Stable,0.3757975799619507,Monitor,"flagged on combined signal pattern, no single dominant factor"
client_08a6a72ff48e62c0,content_3bb8bf7bad19d15f,Stable,0.37517942893384093,Monitor,"flagged on combined signal pattern, no single dominant factor"
client_3ffa76342f366962,content_17b36488ed95fe1a,Growing,0.3750019974313272,Protect,position worse than typical decliner (6.1); click volume below typical decliner (16)
client_08a6a72ff48e62c0,content_187f9bc5261f0ab6,Growing,0.3739139158747229,Protect,position worse than typical decliner (6.6); click volume below typical decliner (16)
client_08a6a72ff48e62c0,content_1f57d23bc7134b79,Stable,0.37372919535068944,Monitor,"flagged on combined signal pattern, no single dominant factor"
client_08a6a72ff48e62c0,content_97b00e8ba3d97ca4,Growing,0.3729192197756693,Protect,position worse than typical decliner (7.0); CTR below typical decliner (0.1%); click volume below typical decliner (11)
client_08a6a72ff48e62c0,content_cf720cf7d19110a6,Stable,0.3722220140521449,Monitor,position worse than typical decliner (5.1)
client_08a6a72ff48e62c0,content_0c54b682f8913b3f,Declining,0.3713377293595034,Monitor,position worse than typical decliner (5.3)
client_3ffa76342f366962,content_caf756e63ca7f979,Growing,0.37123825472738636,Protect,position worse than typical decliner (4.9); click volume below typical decliner (20)
client_08a6a72ff48e62c0,content_1c8b8aea72a3b7e7,Stable,0.37080849010931,Monitor,"flagged on combined signal pattern, no single dominant factor"
client_08a6a72ff48e62c0,content_00ce20bb894308e6,Stable,0.3693186027760768,Monitor,position worse than typical decliner (6.4)
client_08a6a72ff48e62c0,content_97c12d3ea181c4ab,Growing,0.36918819609635123,Protect,position worse than typical decliner (5.3); click volume below typical decliner (19)
client_08a6a72ff48e62c0,content_57d9562457e534aa,Declining,0.36909412200154745,Monitor,position worse than typical decliner (8.3)
client_08a6a72ff48e62c0,content_50210de0c7895f34,Stable,0.3684145838305045,Monitor,position worse than typical decliner (6.6)
client_08a6a72ff48e62c0,content_7d89aa1b0d3fff7e,Stable,0.36827541529461955,Monitor,"flagged on combined signal pattern, no single dominant factor"
client_08a6a72ff48e62c0,content_85318395223132d5,Stable,0.3675701371231827,Monitor,position worse than typical decliner (8.2)
client_08a6a72ff48e62c0,content_13c7eaf3240b756f,Stable,0.36733962289264505,Monitor,position worse than typical decliner (4.8)
client_08a6a72ff48e62c0,content_c0396464109a6b39,Stable,0.3672704364301206,Monitor,position worse than typical decliner (5.5)
client_08a6a72ff48e62c0,content_8ed07ae7e91487d1,Declining,0.36707571647231335,Monitor,position worse than typical decliner (8.1); CTR below typical decliner (0.4%)
client_08a6a72ff48e62c0,content_d6f2633bba526afc,Stable,0.36628378905884096,Monitor,position worse than typical decliner (5.7)
client_08a6a72ff48e62c0,content_7512edab490dfbb4,Stable,0.3662091732892994,Monitor,"flagged on combined signal pattern, no single dominant factor"
client_08a6a72ff48e62c0,content_8c7159545104d394,Stable,0.36588580939118664,Monitor,position worse than typical decliner (4.9)
client_08a6a72ff48e62c0,content_53cb25578846ea5d,Declining,0.3649337122071493,Monitor,click volume below typical decliner (21)
client_08a6a72ff48e62c0,content_a5b638fef05e0c17,Declining,0.36489813889285505,Monitor,position worse than typical decliner (14.2)
client_08a6a72ff48e62c0,content_135d45717cc303dd,Stable,0.3646219392703683,Monitor,"flagged on combined signal pattern, no single dominant factor"
client_08a6a72ff48e62c0,content_fc47d34e2f8f8616,Declining,0.36445972443991276,Monitor,position worse than typical decliner (5.1); click volume below typical decliner (22)
client_08a6a72ff48e62c0,content_2f9bb5e5b4360503,Declining,0.36444981597083276,Monitor,position worse than typical decliner (4.8)
client_08a6a72ff48e62c0,content_4d27812c85cbdf75,Stable,0.36393935909908565,Monitor,position worse than typical decliner (5.1)
client_08a6a72ff48e62c0,content_f09fbd3a373085b3,Stable,0.3637652653808373,Monitor,position worse than typical decliner (6.4)
client_08a6a72ff48e62c0,content_9256437ffa571b2c,Stable,0.3633064387894305,Monitor,"flagged on combined signal pattern, no single dominant factor"
client_3ffa76342f366962,content_fc887715d0f638fd,Growing,0.3632809738439628,Protect,position worse than typical decliner (5.8); click volume below typical decliner (15)
client_08a6a72ff48e62c0,content_865e6b6c04124e34,Declining,0.3630642716411115,Monitor,click volume below typical decliner (19)
client_08a6a72ff48e62c0,content_b749d6a6ae61112b,Stable,0.3630371551265909,Monitor,position worse than typical decliner (5.4)
client_08a6a72ff48e62c0,content_aa2951f9f8a343e0,Growing,0.3629366875719702,Protect,position worse than typical decliner (4.9); click volume below typical decliner (12)
client_08a6a72ff48e62c0,content_b95b0f093e886a57,Stable,0.36209688947560514,Monitor,position worse than typical decliner (6.8)
client_08a6a72ff48e62c0,content_dc42d8e9b30ebad0,Declining,0.3620829908238389,Monitor,"flagged on combined signal pattern, no single dominant factor"
client_9958f0a7ae1df715,content_3405c661ce7122b4,Declining,0.3619715745756186,Monitor,position worse than typical decliner (5.5)
client_3ffa76342f366962,content_025a926ce6e87ba5,Growing,0.3616162546688562,Protect,click volume below typical decliner (15)
client_08a6a72ff48e62c0,content_4b5352e27805f700,Stable,0.36132824228551436,Monitor,"flagged on combined signal pattern, no single dominant factor"
client_3ffa76342f366962,content_bd3f98bfbc5abfb9,Growing,0.3610313069676036,Protect,position worse than typical decliner (5.5); click volume below typical decliner (16)
client_08a6a72ff48e62c0,content_cab0f3fd85f01943,Declining,0.361001633693589,Monitor,position worse than typical decliner (6.1); click volume below typical decliner (21)
client_9958f0a7ae1df715,content_b039f5c5c78c6ed6,Declining,0.3608432315582721,Monitor,position worse than typical decliner (12.3); click volume below typical decliner (22)
client_08a6a72ff48e62c0,content_17008bf0eecb6cb2,Declining,0.36050141227981286,Monitor,position worse than typical decliner (5.3)
client_08a6a72ff48e62c0,content_ca51252c21dc241a,Declining,0.36005411464700265,Monitor,position worse than typical decliner (13.8)
client_08a6a72ff48e62c0,content_a6054feda043be14,Growing,0.35992055308718457,Protect,position worse than typical decliner (21.2); click volume below typical decliner (12)
client_08a6a72ff48e62c0,content_4443ce70324263eb,Growing,0.3593950588839505,Protect,position worse than typical decliner (9.0); click volume below typical decliner (16)
client_08a6a72ff48e62c0,content_0ab19d742b152c36,Stable,0.3592510610696855,Monitor,"flagged on combined signal pattern, no single dominant factor"
client_08a6a72ff48e62c0,content_b87a6af03df01b63,Declining,0.3586753265270803,Monitor,position worse than typical decliner (6.1); click volume below typical decliner (23)
client_08a6a72ff48e62c0,content_c8c15b35e858e26a,Declining,0.35817510860074264,Monitor,position worse than typical decliner (9.5); click volume below typical decliner (17)
client_9958f0a7ae1df715,content_ead143532cd7e033,Stable,0.35803475496582576,Monitor,"flagged on combined signal pattern, no single dominant factor"
client_08a6a72ff48e62c0,content_3e651ba2ed3109b9,Declining,0.3578510874144421,Monitor,position worse than typical decliner (5.3); click volume below typical decliner (20)
client_08a6a72ff48e62c0,content_041b5a2a0653bb84,Declining,0.3576013648543508,Monitor,position worse than typical decliner (6.8); click volume below typical decliner (22)
client_08a6a72ff48e62c0,content_4f1b638e8e69af55,Stable,0.3572557231904566,Monitor,"flagged on combined signal pattern, no single dominant factor"
client_08a6a72ff48e62c0,content_2fe2942700bbcaf0,Stable,0.35711765118937855,Monitor,position worse than typical decliner (5.5)
client_08a6a72ff48e62c0,content_0a2f3c0b4e9fae24,Stable,0.35695232765115975,Monitor,click volume below typical decliner (23)
client_08a6a72ff48e62c0,content_398f292383e5c0f4,Declining,0.35681529485351254,Monitor,click volume below typical decliner (18)
client_08a6a72ff48e62c0,content_3bb10877854dea27,Stable,0.3566425929386004,Monitor,position worse than typical decliner (7.0)
client_08a6a72ff48e62c0,content_a213ef88f4291bc7,Stable,0.3566041722679752,Monitor,"flagged on combined signal pattern, no single dominant factor"
client_08a6a72ff48e62c0,content_1ca20a7d0d70762f,Declining,0.3564655559845814,Monitor,"flagged on combined signal pattern, no single dominant factor"
client_3ffa76342f366962,content_0f22d0d1fc77477e,Growing,0.3563215647370987,Protect,position worse than typical decliner (5.2); click volume below typical decliner (18)
client_08a6a72ff48e62c0,content_7669b696f667254b,Growing,0.3562404697071198,Protect,position worse than typical decliner (6.8); click volume below typical decliner (15)
client_08a6a72ff48e62c0,content_89328467e66547c4,Stable,0.35617721687288567,Monitor,"flagged on combined signal pattern, no single dominant factor"
client_08a6a72ff48e62c0,content_e7b9329f05d0868f,Stable,0.3556610434066452,Monitor,position worse than typical decliner (5.2)
client_08a6a72ff48e62c0,content_d9c6ab3a06212746,Stable,0.3550000638744145,Monitor,position worse than typical decliner (4.8)
client_08a6a72ff48e62c0,content_f7f21fbe22989762,Stable,0.3541326276747803,Monitor,position worse than typical decliner (5.0)
client_08a6a72ff48e62c0,content_d5f44096a192d05a,Declining,0.35383023703956584,Monitor,click volume below typical decliner (17)
client_08a6a72ff48e62c0,content_b9f2f365fb2aec81,Declining,0.3536808923687333,Monitor,"flagged on combined signal pattern, no single dominant factor"
client_08a6a72ff48e62c0,content_89d206589c3b2cfc,Declining,0.35325181281330975,Monitor,position worse than typical decliner (6.3); click volume below typical decliner (20)
client_08a6a72ff48e62c0,content_384f4659e5abf83f,Stable,0.3532056795585497,Monitor,position worse than typical decliner (5.6)
client_08a6a72ff48e62c0,content_4ada3566d51c475a,Declining,0.3531699766211227,Monitor,position worse than typical decliner (7.9); click volume below typical decliner (20)
client_08a6a72ff48e62c0,content_1bde4d5ec9247d17,Declining,0.3529854260240348,Monitor,position worse than typical decliner (7.2)
client_08a6a72ff48e62c0,content_506ea947287268b3,Declining,0.3528713661755084,Monitor,position worse than typical decliner (5.8); click volume below typical decliner (22)
client_08a6a72ff48e62c0,content_2351b992b1ca4379,Declining,0.3528327382412826,Monitor,position worse than typical decliner (5.9); click volume below typical decliner (18)
client_08a6a72ff48e62c0,content_5e38402f0882958a,Stable,0.3528037774262229,Monitor,position worse than typical decliner (5.3)
client_08a6a72ff48e62c0,content_de2414cfb8e63911,Growing,0.3524428906864409,Protect,position worse than typical decliner (6.4); click volume below typical decliner (20)
client_08a6a72ff48e62c0,content_70aeb16b62d196be,Declining,0.35235170780522024,Monitor,"flagged on combined signal pattern, no single dominant factor"
client_08a6a72ff48e62c0,content_4398127205a5a01c,Declining,0.35232673232131156,Monitor,position worse than typical decliner (8.9); click volume below typical decliner (21)
client_08a6a72ff48e62c0,content_7acd508cc5c22805,Stable,0.3520584015552925,Monitor,"flagged on combined signal pattern, no single dominant factor"
client_08a6a72ff48e62c0,content_7403820d2b2800da,Declining,0.352045532508053,Monitor,position worse than typical decliner (6.9)
client_08a6a72ff48e62c0,content_0704158fde70da26,Stable,0.3519066546389813,Monitor,position worse than typical decliner (7.5); CTR below typical decliner (0.2%)
client_08a6a72ff48e62c0,content_8af0c05b1663bba2,Growing,0.35187092900118316,Protect,position worse than typical decliner (14.5); click volume below typical decliner (18)
client_08a6a72ff48e62c0,content_bb11d0e95ae9aa32,Declining,0.35175277561881235,Monitor,click volume below typical decliner (19)
client_08a6a72ff48e62c0,content_47f0f9d2df25c893,Stable,0.3517307113103144,Monitor,"flagged on combined signal pattern, no single dominant factor"
client_08a6a72ff48e62c0,content_9c6b24d86a28d3a5,Stable,0.3517294015488266,Monitor,"flagged on combined signal pattern, no single dominant factor"
client_08a6a72ff48e62c0,content_fb287dddf6f422b3,Declining,0.35144475897669253,Monitor,position worse than typical decliner (6.4)
client_08a6a72ff48e62c0,content_3d3cbcaf54c46364,Stable,0.35136055207863803,Monitor,position worse than typical decliner (5.4)
client_08a6a72ff48e62c0,content_398234d739ae057f,Growing,0.3508228044413211,Protect,position worse than typical decliner (5.7); click volume below typical decliner (19)
client_9958f0a7ae1df715,content_1ace43bda9f0c95e,Growing,0.35037023464828915,Protect,position worse than typical decliner (7.3); click volume below typical decliner (18)
client_08a6a72ff48e62c0,content_82ac4476ec5bca8f,Declining,0.34966412963992544,Monitor,position worse than typical decliner (5.4); click volume below typical decliner (16)
client_08a6a72ff48e62c0,content_68209ca2a0aa3964,Declining,0.34949390217790255,Monitor,position worse than typical decliner (8.1)
client_3ffa76342f366962,content_3aa73c4704aaa298,Growing,0.3493509055170243,Protect,position worse than typical decliner (5.2); click volume below typical decliner (22)
client_08a6a72ff48e62c0,content_a172d975c115d324,Stable,0.34920082022816773,Monitor,"flagged on combined signal pattern, no single dominant factor"
client_08a6a72ff48e62c0,content_e8dbd97a4fe8e324,Declining,0.34891898607742566,Monitor,position worse than typical decliner (6.5)
client_08a6a72ff48e62c0,content_b9eb566acabb99ff,Declining,0.3485621058575288,Monitor,"flagged on combined signal pattern, no single dominant factor"
client_08a6a72ff48e62c0,content_bf1d1097f6e09be8,Stable,0.3483358634075463,Monitor,position worse than typical decliner (6.3)
client_08a6a72ff48e62c0,content_d1cc8e5f0bbbe05f,Declining,0.3481737251601421,Monitor,position worse than typical decliner (6.7)
client_08a6a72ff48e62c0,content_e82ec64d70f44034,Declining,0.3481439935790067,Monitor,position worse than typical decliner (8.7)
client_08a6a72ff48e62c0,content_c84682626fc65084,Declining,0.3475380754753906,Monitor,position worse than typical decliner (5.1)
client_08a6a72ff48e62c0,content_4c4d91ad56908201,Declining,0.34751593242730555,Monitor,position worse than typical decliner (5.1)
client_08a6a72ff48e62c0,content_7c6a1b5a0f747f9c,Growing,0.3475027042201176,Protect,position worse than typical decliner (7.8); click volume below typical decliner (19)
client_08a6a72ff48e62c0,content_3b6cfa9a98884970,Stable,0.34742860036509776,Monitor,"flagged on combined signal pattern, no single dominant factor"
client_08a6a72ff48e62c0,content_89a9cc153d517611,Declining,0.3474147813814069,Monitor,"flagged on combined signal pattern, no single dominant factor"
client_08a6a72ff48e62c0,content_5822ad7f46d08772,Stable,0.34722417710599607,Monitor,"flagged on combined signal pattern, no single dominant factor"
client_08a6a72ff48e62c0,content_c8f161362d2172c1,Growing,0.3466867262838942,Protect,position worse than typical decliner (6.9); click volume below typical decliner (19)
client_08a6a72ff48e62c0,content_f38fa377a0c8f033,Growing,0.34662284814309663,Protect,position worse than typical decliner (11.1); click volume below typical decliner (18)
client_08a6a72ff48e62c0,content_90bbcf4e62d1c892,Declining,0.34646423711982954,Monitor,position worse than typical decliner (4.9); click volume below typical decliner (17)
client_08a6a72ff48e62c0,content_0da99d17f891eb9a,Declining,0.3462397478561281,Monitor,click volume below typical decliner (20)
client_08a6a72ff48e62c0,content_18c19a6d5a6b3a0e,Growing,0.34560715826542343,Protect,position worse than typical decliner (30.8); click volume below typical decliner (11)
client_08a6a72ff48e62c0,content_2cef229c1432f6e3,Declining,0.34553896537797507,Monitor,position worse than typical decliner (5.6)
client_08a6a72ff48e62c0,content_7d4296a43b061591,Declining,0.3452562336525196,Monitor,position worse than typical decliner (7.7)
client_08a6a72ff48e62c0,content_e9925158da6cc0c0,Stable,0.3452525515743294,Monitor,position worse than typical decliner (8.5)
client_08a6a72ff48e62c0,content_4ae3cd4d4d0d15f5,Stable,0.34494925381587194,Monitor,CTR below typical decliner (0.5%)
client_08a6a72ff48e62c0,content_3913df380955d266,Growing,0.34480605648663626,Protect,position worse than typical decliner (6.7); click volume below typical decliner (20)
client_08a6a72ff48e62c0,content_28bd6f500c49b745,Stable,0.3443528517111977,Monitor,"flagged on combined signal pattern, no single dominant factor"
client_08a6a72ff48e62c0,content_2c97f9df1e4ecc04,Growing,0.3442948602413572,Protect,position worse than typical decliner (7.3); click volume below typical decliner (18)
client_08a6a72ff48e62c0,content_93adb1b4fab6b97a,Growing,0.34416017563815615,Protect,position worse than typical decliner (9.2); CTR below typical decliner (0.1%); click volume below typical decliner (11)
client_08a6a72ff48e62c0,content_bfc26971e117c7aa,Stable,0.3439748038149479,Monitor,position worse than typical decliner (6.8); CTR below typical decliner (0.4%)
client_08a6a72ff48e62c0,content_295f448371e4c71a,Declining,0.3438998539308058,Monitor,click volume below typical decliner (17)
client_08a6a72ff48e62c0,content_1b55c6b524bda33d,Declining,0.343791887769241,Monitor,position worse than typical decliner (6.9)
client_08a6a72ff48e62c0,content_30d8edbb3f6a83a0,Stable,0.34374805228070116,Monitor,position worse than typical decliner (5.9); CTR below typical decliner (0.5%)
client_9958f0a7ae1df715,content_bd95fb12461cd35f,Growing,0.3436053172177156,Protect,position worse than typical decliner (7.9); click volume below typical decliner (18)
client_08a6a72ff48e62c0,content_664e35df40042c49,Declining,0.343032650091027,Monitor,click volume below typical decliner (20)
client_08a6a72ff48e62c0,content_cbe7beab4f820c94,Growing,0.34198614377121195,Protect,position worse than typical decliner (11.6); click volume below typical decliner (16)
client_3ffa76342f366962,content_25aac3e5439711c6,Growing,0.3415705670431401,Protect,position worse than typical decliner (7.0); click volume below typical decliner (22)
client_08a6a72ff48e62c0,content_804239a0f10c7866,Growing,0.3410996185271353,Protect,position worse than typical decliner (7.8); click volume below typical decliner (19)
client_08a6a72ff48e62c0,content_e5e7c661c693ea21,Declining,0.3408835543329454,Monitor,position worse than typical decliner (5.2); click volume below typical decliner (17)
client_08a6a72ff48e62c0,content_312f2f470cdc0487,Growing,0.3408576347863734,Protect,position worse than typical decliner (7.7); click volume below typical decliner (16)
client_08a6a72ff48e62c0,content_7e4187d296ce7b87,Growing,0.3405997020730189,Protect,position worse than typical decliner (12.0); click volume below typical decliner (14)
client_9958f0a7ae1df715,content_974e25ab7f9c8432,Growing,0.34051568946689803,Protect,position worse than typical decliner (6.3); click volume below typical decliner (15)
client_08a6a72ff48e62c0,content_80e060236b2c15d2,Growing,0.34049416155968204,Protect,position worse than typical decliner (5.4); click volume below typical decliner (18)
client_08a6a72ff48e62c0,content_3b7b958a2fad7620,Growing,0.33994458098960384,Protect,position worse than typical decliner (5.8)
client_08a6a72ff48e62c0,content_39820f597b03a33d,Growing,0.33966101010260696,Protect,position worse than typical decliner (6.7); click volume below typical decliner (18)
client_08a6a72ff48e62c0,content_bf8e53578a7e5dfb,Stable,0.3395385727511337,Monitor,position worse than typical decliner (5.6)
client_08a6a72ff48e62c0,content_3bf21e806250b58e,Growing,0.33952114650781534,Protect,position worse than typical decliner (7.4); click volume below typical decliner (17)
client_08a6a72ff48e62c0,content_e3a1505750b3fa8a,Growing,0.33943296260177713,Protect,position worse than typical decliner (7.2); click volume below typical decliner (15)
client_08a6a72ff48e62c0,content_efc92e620f572a49,Declining,0.33907844393068387,Monitor,position worse than typical decliner (5.8)
client_08a6a72ff48e62c0,content_010755391b1f8d46,Declining,0.339065944733485,Monitor,position worse than typical decliner (5.9)
client_08a6a72ff48e62c0,content_abba46712fec1607,Growing,0.338402474673226,Protect,position worse than typical decliner (6.6); CTR below typical decliner (0.2%); click volume below typical decliner (14)
client_08a6a72ff48e62c0,content_f7e759fd982d4b8e,Stable,0.3384018626373431,Monitor,position worse than typical decliner (5.3); CTR below typical decliner (0.4%)
client_08a6a72ff48e62c0,content_da6a9199461f5061,Stable,0.3381314206317241,Monitor,position worse than typical decliner (5.3); CTR below typical decliner (0.2%)
client_08a6a72ff48e62c0,content_ea47a635df6e9828,Stable,0.3376803730275647,Monitor,CTR below typical decliner (0.5%)
client_08a6a72ff48e62c0,content_6f8d515464dd6d79,Growing,0.33747723269935326,Protect,position worse than typical decliner (6.6)
client_08a6a72ff48e62c0,content_4ce7d48d78becc1f,Growing,0.33747382096572165,Protect,position worse than typical decliner (7.5); CTR below typical decliner (0.4%)
client_08a6a72ff48e62c0,content_d34d1d7d281384bb,Growing,0.3374114403640464,Protect,position worse than typical decliner (7.9)
client_08a6a72ff48e62c0,content_cd7ab4430ae7e9e1,Growing,0.33729620406378863,Protect,position worse than typical decliner (7.1); click volume below typical decliner (17)
client_08a6a72ff48e62c0,content_9fef6d28af2236f3,Stable,0.33727903200513537,Monitor,position worse than typical decliner (5.8); CTR below typical decliner (0.3%)
client_08a6a72ff48e62c0,content_b4287f734b4ca7b9,Stable,0.33709846892717066,Monitor,position worse than typical decliner (6.8); CTR below typical decliner (0.5%)
client_08a6a72ff48e62c0,content_0ee405b01a21c666,Growing,0.33695662754312794,Protect,position worse than typical decliner (9.0); CTR below typical decliner (0.5%); click volume below typical decliner (18)
client_08a6a72ff48e62c0,content_21ad83baa0fd3be5,Stable,0.33688368422307247,Monitor,position worse than typical decliner (5.7); CTR below typical decliner (0.5%); click volume below typical decliner (22)
client_08a6a72ff48e62c0,content_a97be5b9c981dcf8,Stable,0.33681491150924237,Monitor,"flagged on combined signal pattern, no single dominant factor"
client_08a6a72ff48e62c0,content_686ea73d8c17a2dd,Growing,0.3365970584771441,Protect,position worse than typical decliner (7.9); CTR below typical decliner (0.2%); click volume below typical decliner (11)
client_08a6a72ff48e62c0,content_1fbae28b85368a31,Stable,0.3361822506295912,Monitor,position worse than typical decliner (5.9); CTR below typical decliner (0.3%)
client_08a6a72ff48e62c0,content_330e9570c022f2c6,Growing,0.33595603408699815,Protect,position worse than typical decliner (6.4); CTR below typical decliner (0.2%); click volume below typical decliner (15)
client_08a6a72ff48e62c0,content_9d53799740e115a7,Growing,0.33559667223971346,Protect,position worse than typical decliner (6.5); click volume below typical decliner (15)
client_08a6a72ff48e62c0,content_07c2d3931ab3a789,Growing,0.3353201929656421,Protect,position worse than typical decliner (7.3); CTR below typical decliner (0.2%); click volume below typical decliner (14)
client_08a6a72ff48e62c0,content_1a93bb9fdd0caf4c,Stable,0.3352556020024735,Monitor,position worse than typical decliner (6.1)
client_08a6a72ff48e62c0,content_c4336cdf800e5582,Growing,0.3351172919441485,Protect,position worse than typical decliner (7.1); CTR below typical decliner (0.1%); click volume below typical decliner (13)
client_08a6a72ff48e62c0,content_1c6a90c0ca227a2b,Growing,0.3346540580210798,Protect,position worse than typical decliner (7.4); click volume below typical decliner (17)
client_08a6a72ff48e62c0,content_93a75667fc5da16d,Stable,0.3336603659174674,Monitor,CTR below typical decliner (0.5%)
client_0797ff3a1fc9a6a5,content_a7a5f0d74ec03ce8,Growing,0.33309256493655015,Protect,position worse than typical decliner (6.4); CTR below typical decliner (0.4%); click volume below typical decliner (15)
client_08a6a72ff48e62c0,content_a4bb1b2c3e12b062,Growing,0.3329499542075031,Protect,position worse than typical decliner (8.7); CTR below typical decliner (0.2%); click volume below typical decliner (14)
client_08a6a72ff48e62c0,content_e2c4f300693b4201,Growing,0.33179685659145397,Protect,position worse than typical decliner (9.4); CTR below typical decliner (0.2%); click volume below typical decliner (15)
client_08a6a72ff48e62c0,content_9d5a75df5b648bc9,Stable,0.33177331943789085,Monitor,position worse than typical decliner (5.6); CTR below typical decliner (0.5%); click volume below typical decliner (21)
client_08a6a72ff48e62c0,content_bb7fcc2797b25e12,Growing,0.3317493526600826,Protect,position worse than typical decliner (6.6)
client_08a6a72ff48e62c0,content_a57152ed1cc7c6b2,Stable,0.33158046582352285,Monitor,position worse than typical decliner (5.8); CTR below typical decliner (0.5%)
client_08a6a72ff48e62c0,content_93106f53ca499406,Growing,0.33148626768822353,Protect,position worse than typical decliner (9.2); CTR below typical decliner (0.1%); click volume below typical decliner (13)
client_08a6a72ff48e62c0,content_3040436bfa99c8a9,Growing,0.331430655053033,Protect,position worse than typical decliner (6.2); CTR below typical decliner (0.5%)
client_08a6a72ff48e62c0,content_d62aa5dc72ccc767,Growing,0.3313381026228673,Protect,position worse than typical decliner (9.5); click volume below typical decliner (14)
client_08a6a72ff48e62c0,content_03d1ca1b4c58be2d,Growing,0.33119958254848647,Protect,position worse than typical decliner (5.0); click volume below typical decliner (13)
client_9958f0a7ae1df715,content_ca81bcf29398f53a,Growing,0.33114574473898756,Protect,position worse than typical decliner (9.0); CTR below typical decliner (0.5%); click volume below typical decliner (20)
client_08a6a72ff48e62c0,content_0467482c82a8a797,Stable,0.3310804463301869,Monitor,CTR below typical decliner (0.5%)
client_08a6a72ff48e62c0,content_5a713321117f891f,Growing,0.33098331717367135,Protect,position worse than typical decliner (8.2)
client_08a6a72ff48e62c0,content_1808bc6a1bac0cce,Growing,0.3307205494780613,Protect,position worse than typical decliner (6.9)
client_08a6a72ff48e62c0,content_df7c90532a7a7b40,Stable,0.330709749655892,Monitor,CTR below typical decliner (0.5%)
client_08a6a72ff48e62c0,content_629ab9d031b8fa99,Growing,0.33066716172717414,Protect,position worse than typical decliner (8.4); CTR below typical decliner (0.4%); click volume below typical decliner (15)
client_08a6a72ff48e62c0,content_ea0d011b014f27a6,Stable,0.33053481154509656,Monitor,position worse than typical decliner (6.3); CTR below typical decliner (0.4%)
client_08a6a72ff48e62c0,content_0c7320ce7f0260f0,Stable,0.33044596199635307,Monitor,position worse than typical decliner (5.1); CTR below typical decliner (0.4%)
client_08a6a72ff48e62c0,content_b161b574aec7fd13,Growing,0.3300633542238697,Protect,position worse than typical decliner (8.2); CTR below typical decliner (0.4%); click volume below typical decliner (23)
client_08a6a72ff48e62c0,content_bdd1e1ba64bc4e04,Stable,0.3298048236240769,Monitor,position worse than typical decliner (5.7)
client_08a6a72ff48e62c0,content_29f90589902bca5c,Growing,0.329766720024368,Protect,position worse than typical decliner (7.6); CTR below typical decliner (0.2%); click volume below typical decliner (16)
client_08a6a72ff48e62c0,content_42f0463edd7b91da,Growing,0.32910926005317265,Protect,position worse than typical decliner (10.3); CTR below typical decliner (0.1%); click volume below typical decliner (13)
client_08a6a72ff48e62c0,content_d7229913f21951c8,Growing,0.3290390724631516,Protect,position worse than typical decliner (8.0); CTR below typical decliner (0.2%); click volume below typical decliner (11)
client_08a6a72ff48e62c0,content_5e2fc4498c4eaf74,Growing,0.32893528987468684,Protect,position worse than typical decliner (6.1); CTR below typical decliner (0.1%); click volume below typical decliner (11)
client_08a6a72ff48e62c0,content_3ed0d854a4313b5d,Growing,0.3288664073201221,Protect,position worse than typical decliner (8.3); CTR below typical decliner (0.3%); click volume below typical decliner (15)
client_08a6a72ff48e62c0,content_750265fb0430f4e1,Growing,0.32851860430499125,Protect,position worse than typical decliner (8.3); CTR below typical decliner (0.3%); click volume below typical decliner (13)
client_08a6a72ff48e62c0,content_c6ae4ae3563c3db7,Growing,0.32842411189946996,Protect,position worse than typical decliner (10.0)
client_08a6a72ff48e62c0,content_d8e4eb5b792e8c82,Growing,0.32829919456209017,Protect,position worse than typical decliner (6.0); CTR below typical decliner (0.4%); click volume below typical decliner (14)
client_08a6a72ff48e62c0,content_05fd36dfc57842c7,Growing,0.3281994945912963,Protect,position worse than typical decliner (9.0); CTR below typical decliner (0.2%); click volume below typical decliner (15)
client_08a6a72ff48e62c0,content_f58dbc2c9ee14032,Growing,0.328197573015023,Protect,position worse than typical decliner (6.5); CTR below typical decliner (0.4%); click volume below typical decliner (14)
client_08a6a72ff48e62c0,content_26dc09e89887f6bf,Growing,0.32803751097971434,Protect,position worse than typical decliner (7.3); CTR below typical decliner (0.3%); click volume below typical decliner (14)
client_08a6a72ff48e62c0,content_82279cb01476c192,Growing,0.3278641485836568,Protect,click volume below typical decliner (11)
client_9958f0a7ae1df715,content_838448bb9f166179,Growing,0.327844749431522,Protect,position worse than typical decliner (7.0); CTR below typical decliner (0.3%); click volume below typical decliner (13)
client_08a6a72ff48e62c0,content_847a200c7a10976e,Stable,0.32778348752990843,Monitor,CTR below typical decliner (0.5%)
client_08a6a72ff48e62c0,content_3e95828b94e8621e,Growing,0.32775271749304347,Protect,position worse than typical decliner (10.0); CTR below typical decliner (0.3%); click volume below typical decliner (14)
client_08a6a72ff48e62c0,content_5fe0f59bc96e047c,Growing,0.327646444274001,Protect,position worse than typical decliner (7.8); CTR below typical decliner (0.5%); click volume below typical decliner (23)
client_08a6a72ff48e62c0,content_42b7f3143d32b659,Growing,0.3272228570016848,Protect,position worse than typical decliner (9.5); CTR below typical decliner (0.5%); click volume below typical decliner (15)
client_08a6a72ff48e62c0,content_a71c86503d7655e7,Growing,0.3272208182881936,Protect,position worse than typical decliner (6.8); CTR below typical decliner (0.3%); click volume below typical decliner (15)
client_08a6a72ff48e62c0,content_f43c86733512f875,Growing,0.32719304968872315,Protect,position worse than typical decliner (8.1); CTR below typical decliner (0.2%); click volume below typical decliner (15)
client_08a6a72ff48e62c0,content_a35ed6e0f3e5827a,Growing,0.32717989190193153,Protect,position worse than typical decliner (5.2); CTR below typical decliner (0.3%); click volume below typical decliner (13)
client_08a6a72ff48e62c0,content_8c37c7506e742675,Growing,0.32699383008107036,Protect,position worse than typical decliner (6.8); CTR below typical decliner (0.4%)
client_08a6a72ff48e62c0,content_6d15eb50e3a34a78,Growing,0.3267037030022816,Protect,position worse than typical decliner (6.2); CTR below typical decliner (0.3%); click volume below typical decliner (13)
client_08a6a72ff48e62c0,content_76af0faf0eab0775,Growing,0.3266082518310441,Protect,CTR below typical decliner (0.5%); click volume below typical decliner (15)
client_08a6a72ff48e62c0,content_92786c753d85182d,Growing,0.32642571179934693,Protect,position worse than typical decliner (6.7); CTR below typical decliner (0.4%); click volume below typical decliner (16)
client_08a6a72ff48e62c0,content_c7be04dd60bc8852,Growing,0.32634048278799477,Protect,position worse than typical decliner (6.8); CTR below typical decliner (0.3%); click volume below typical decliner (14)
client_08a6a72ff48e62c0,content_55edd7a9ce5b7cb5,Growing,0.3262079296282647,Protect,position worse than typical decliner (7.7); CTR below typical decliner (0.1%); click volume below typical decliner (13)
client_08a6a72ff48e62c0,content_143fae281d6931a6,Growing,0.32561633608196366,Protect,position worse than typical decliner (5.9); CTR below typical decliner (0.3%); click volume below typical decliner (13)
client_08a6a72ff48e62c0,content_24d8de2e5952ad34,Growing,0.3255893068224016,Protect,position worse than typical decliner (6.7); CTR below typical decliner (0.2%); click volume below typical decliner (14)
client_08a6a72ff48e62c0,content_af679452853873c9,Growing,0.32554269302818867,Protect,position worse than typical decliner (7.2); CTR below typical decliner (0.1%); click volume below typical decliner (15)
client_08a6a72ff48e62c0,content_4c09dc998d936d13,Growing,0.32531442979282843,Protect,position worse than typical decliner (7.0); CTR below typical decliner (0.2%); click volume below typical decliner (14)
client_08a6a72ff48e62c0,content_d799e81890c96e9b,Stable,0.32526337504921976,Monitor,position worse than typical decliner (4.9); CTR below typical decliner (0.5%)
client_08a6a72ff48e62c0,content_6bab9735caac0d81,Growing,0.3252350506880857,Protect,position worse than typical decliner (7.4); CTR below typical decliner (0.3%); click volume below typical decliner (12)
client_08a6a72ff48e62c0,content_e43343bee4d28576,Growing,0.3251785356583116,Protect,CTR below typical decliner (0.2%); click volume below typical decliner (12)
client_08a6a72ff48e62c0,content_62ac1586cda3083a,Stable,0.32491966628870544,Monitor,CTR below typical decliner (0.4%)
client_08a6a72ff48e62c0,content_56175887ec07bc35,Growing,0.3242717056675841,Protect,position worse than typical decliner (7.2); click volume below typical decliner (14)
client_3ffa76342f366962,content_09bd08fb0ec8de18,Growing,0.3241786624797636,Protect,position worse than typical decliner (5.4); click volume below typical decliner (13)
client_08a6a72ff48e62c0,content_c320b5395169746c,Growing,0.32369264744498255,Protect,position worse than typical decliner (9.7); CTR below typical decliner (0.3%); click volume below typical decliner (16)
client_08a6a72ff48e62c0,content_6db0bd8a375a4881,Growing,0.32363475245084217,Protect,CTR below typical decliner (0.3%); click volume below typical decliner (12)
client_08a6a72ff48e62c0,content_f9e2633ce7a392d8,Growing,0.32354017900361554,Protect,position worse than typical decliner (8.6); CTR below typical decliner (0.4%); click volume below typical decliner (19)
client_08a6a72ff48e62c0,content_2bd821922562beea,Growing,0.3233148723403357,Protect,position worse than typical decliner (7.2); click volume below typical decliner (14)
client_08a6a72ff48e62c0,content_eb16ee62285a6715,Growing,0.3228670770972807,Protect,position worse than typical decliner (10.1); CTR below typical decliner (0.2%); click volume below typical decliner (11)
client_08a6a72ff48e62c0,content_7ea7255266c2adfc,Growing,0.32261527588131744,Protect,CTR below typical decliner (0.4%); click volume below typical decliner (16)
client_08a6a72ff48e62c0,content_77ae25d388d227d5,Growing,0.32255492262089364,Protect,CTR below typical decliner (0.2%); click volume below typical decliner (11)
client_08a6a72ff48e62c0,content_cff7567962819d4b,Growing,0.3223890097681171,Protect,position worse than typical decliner (7.1); CTR below typical decliner (0.1%); click volume below typical decliner (13)
client_08a6a72ff48e62c0,content_28b65095f35f680e,Growing,0.32196021229446886,Protect,position worse than typical decliner (6.8); CTR below typical decliner (0.1%); click volume below typical decliner (12)
client_08a6a72ff48e62c0,content_4cff2f8fa974c7c0,Growing,0.32174731139025936,Protect,position worse than typical decliner (6.0); CTR below typical decliner (0.4%); click volume below typical decliner (14)
client_9958f0a7ae1df715,content_237e63fc00c8c7ad,Stable,0.32103469085732217,Monitor,position worse than typical decliner (8.0); CTR below typical decliner (0.4%)
client_08a6a72ff48e62c0,content_957d275cc1af9c5d,Growing,0.3209692774729239,Protect,position worse than typical decliner (5.5); CTR below typical decliner (0.2%); click volume below typical decliner (13)
client_08a6a72ff48e62c0,content_7c7dab68d8bcc9d5,Growing,0.3209025764062966,Protect,position worse than typical decliner (4.8); CTR below typical decliner (0.4%); click volume below typical decliner (19)
client_08a6a72ff48e62c0,content_daf9f774aeb81592,Growing,0.3206522232681628,Protect,position worse than typical decliner (8.0); CTR below typical decliner (0.3%); click volume below typical decliner (11)
client_08a6a72ff48e62c0,content_158cd7a3e71bc42e,Growing,0.3204838686509789,Protect,position worse than typical decliner (9.4); CTR below typical decliner (0.4%); click volume below typical decliner (16)
client_08a6a72ff48e62c0,content_d8087c2a752c4fb1,Growing,0.3204264988625539,Protect,position worse than typical decliner (7.5); CTR below typical decliner (0.4%); click volume below typical decliner (12)
client_08a6a72ff48e62c0,content_b8cfa7e76d02e60f,Growing,0.3201056660778003,Protect,position worse than typical decliner (6.2); click volume below typical decliner (15)
client_08a6a72ff48e62c0,content_a3b2fb46b874fc2c,Growing,0.3196787262333553,Protect,position worse than typical decliner (6.3); CTR below typical decliner (0.2%); click volume below typical decliner (16)
client_08a6a72ff48e62c0,content_0cabc145e14d0714,Growing,0.31921859581890244,Protect,position worse than typical decliner (13.4); CTR below typical decliner (0.5%)
client_08a6a72ff48e62c0,content_b92942142e2d6f77,Growing,0.31901513172437035,Protect,position worse than typical decliner (5.3); CTR below typical decliner (0.4%); click volume below typical decliner (17)
client_08a6a72ff48e62c0,content_673f2d9ef29c0a6b,Growing,0.31877452032732745,Protect,position worse than typical decliner (5.9); click volume below typical decliner (13)
client_08a6a72ff48e62c0,content_58ad6a62319ef1c6,Growing,0.318506700979279,Protect,position worse than typical decliner (7.5); CTR below typical decliner (0.2%); click volume below typical decliner (16)
client_08a6a72ff48e62c0,content_f0e426a2a5eaa4de,Stable,0.3181344135716786,Monitor,position worse than typical decliner (6.4); CTR below typical decliner (0.3%)
client_08a6a72ff48e62c0,content_956b7a07c175741e,Growing,0.3177255757906768,Protect,position worse than typical decliner (4.9); CTR below typical decliner (0.4%); click volume below typical decliner (17)
client_08a6a72ff48e62c0,content_91f9578e33a7fecc,Growing,0.3172147916664895,Protect,position worse than typical decliner (9.6); CTR below typical decliner (0.3%); click volume below typical decliner (11)
client_08a6a72ff48e62c0,content_25b39a77793456e6,Growing,0.3160689004968787,Protect,position worse than typical decliner (10.1); CTR below typical decliner (0.3%); click volume below typical decliner (11)
client_08a6a72ff48e62c0,content_8f55b995f4be1773,Stable,0.3158833527904287,Monitor,position worse than typical decliner (5.7); CTR below typical decliner (0.3%)
client_08a6a72ff48e62c0,content_b9b6135ece8dbe7c,Growing,0.3139712138420354,Protect,position worse than typical decliner (10.5); CTR below typical decliner (0.3%); click volume below typical decliner (11)
client_08a6a72ff48e62c0,content_fb91d129fa2952fc,Growing,0.3134599566279141,Protect,position worse than typical decliner (7.4); CTR below typical decliner (0.4%); click volume below typical decliner (12)
client_08a6a72ff48e62c0,content_0b125b952fd4fd2b,Growing,0.31320476199944003,Protect,position worse than typical decliner (6.5); CTR below typical decliner (0.4%); click volume below typical decliner (14)
client_08a6a72ff48e62c0,content_92263b1d81263d11,Growing,0.3127207884862334,Protect,position worse than typical decliner (11.4); CTR below typical decliner (0.4%); click volume below typical decliner (11)
client_08a6a72ff48e62c0,content_072138192196ec66,Growing,0.3126182107395469,Protect,CTR below typical decliner (0.5%); click volume below typical decliner (13)
client_08a6a72ff48e62c0,content_e462584cf516c560,Growing,0.3121743760633906,Protect,position worse than typical decliner (8.8); CTR below typical decliner (0.4%); click volume below typical decliner (13)
client_08a6a72ff48e62c0,content_97581b78f203dbe4,Growing,0.311949544212018,Protect,position worse than typical decliner (6.7); CTR below typical decliner (0.3%)
client_08a6a72ff48e62c0,content_2021655c1416edba,Growing,0.31170426696476106,Protect,position worse than typical decliner (6.9); CTR below typical decliner (0.3%)
client_08a6a72ff48e62c0,content_5f0679de7a7b8436,Growing,0.3115616135834581,Protect,click volume below typical decliner (12)
client_08a6a72ff48e62c0,content_eec846e1d95b32b4,Growing,0.3115573491855958,Protect,CTR below typical decliner (0.3%); click volume below typical decliner (16)
client_08a6a72ff48e62c0,content_7a1a89d98f0eae97,Growing,0.31150489827715455,Protect,position worse than typical decliner (8.8); click volume below typical decliner (13)
client_08a6a72ff48e62c0,content_522585453fe230f9,Stable,0.31133355868118007,Monitor,position worse than typical decliner (6.8); CTR below typical decliner (0.3%)
client_08a6a72ff48e62c0,content_4177e567d90f6b79,Growing,0.311166280047566,Protect,position worse than typical decliner (7.6); CTR below typical decliner (0.2%)
client_08a6a72ff48e62c0,content_7fb653feb420e455,Growing,0.3109798719959999,Protect,position worse than typical decliner (9.1); CTR below typical decliner (0.3%); click volume below typical decliner (18)
client_08a6a72ff48e62c0,content_a072cff0179343ed,Stable,0.3107957862519484,Monitor,CTR below typical decliner (0.4%)
client_9958f0a7ae1df715,content_cabf4f59675903f6,Growing,0.30997210716842455,Protect,CTR below typical decliner (0.2%); click volume below typical decliner (16)
client_08a6a72ff48e62c0,content_16e308febf54313b,Growing,0.30997129097109627,Protect,position worse than typical decliner (6.4); CTR below typical decliner (0.2%); click volume below typical decliner (21)
client_08a6a72ff48e62c0,content_d0b76dbddb94546d,Growing,0.30990538656507277,Protect,position worse than typical decliner (8.7); CTR below typical decliner (0.1%); click volume below typical decliner (16)
client_08a6a72ff48e62c0,content_73b1f1f54b0255b9,Growing,0.3098182890075541,Protect,position worse than typical decliner (7.2); CTR below typical decliner (0.3%); click volume below typical decliner (18)
client_08a6a72ff48e62c0,content_39642402fc9e75ee,Growing,0.3096068737101278,Protect,position worse than typical decliner (5.5); CTR below typical decliner (0.1%); click volume below typical decliner (13)
client_08a6a72ff48e62c0,content_89de8b7b32c6d76d,Growing,0.30951490219090066,Protect,position worse than typical decliner (9.2); click volume below typical decliner (13)
client_08a6a72ff48e62c0,content_8a4ba7589d96f2d6,Growing,0.3089405856199149,Protect,position worse than typical decliner (8.4); CTR below typical decliner (0.3%); click volume below typical decliner (19)
client_08a6a72ff48e62c0,content_cbca565064dc7668,Growing,0.3088933231159868,Protect,position worse than typical decliner (7.1); CTR below typical decliner (0.3%)
client_08a6a72ff48e62c0,content_748e856d3c1148bf,Growing,0.3087849339149391,Protect,position worse than typical decliner (7.4); CTR below typical decliner (0.2%)
client_08a6a72ff48e62c0,content_5f71205e0b46f70a,Growing,0.308733107069192,Protect,click volume below typical decliner (12)
client_08a6a72ff48e62c0,content_d84f95af321baf25,Growing,0.30872034411630406,Protect,position worse than typical decliner (9.8); click volume below typical decliner (14)
client_08a6a72ff48e62c0,content_28aa61f240182c97,Growing,0.30776543158331704,Protect,position worse than typical decliner (9.2); click volume below typical decliner (12)
client_08a6a72ff48e62c0,content_5bbda42fc255e39e,Growing,0.3075069396749807,Protect,position worse than typical decliner (6.5); CTR below typical decliner (0.3%); click volume below typical decliner (22)
client_08a6a72ff48e62c0,content_7b22d22130a8de98,Stable,0.30728551035638263,Monitor,position worse than typical decliner (5.5); CTR below typical decliner (0.2%)
client_08a6a72ff48e62c0,content_ed3381560a06b91d,Growing,0.30710992022714323,Protect,position worse than typical decliner (7.2); CTR below typical decliner (0.3%)
client_3ffa76342f366962,content_1e3fe83db5900a14,Growing,0.30678208910298677,Protect,position worse than typical decliner (6.7); click volume below typical decliner (13)
client_9958f0a7ae1df715,content_ef1caed111f80858,Growing,0.30650650914065086,Protect,position worse than typical decliner (6.4); CTR below typical decliner (0.2%)
client_9958f0a7ae1df715,content_0580c47071cde7b7,Growing,0.3061406261713766,Protect,position worse than typical decliner (9.0); CTR below typical decliner (0.3%); click volume below typical decliner (18)
client_08a6a72ff48e62c0,content_569a4ec488c8fdf2,Growing,0.3059985349968836,Protect,position worse than typical decliner (6.0); click volume below typical decliner (13)
client_08a6a72ff48e62c0,content_9093a91bab20760d,Growing,0.3058922424769987,Protect,position worse than typical decliner (5.4); CTR below typical decliner (0.1%); click volume below typical decliner (15)
client_08a6a72ff48e62c0,content_8940371b472136ba,Growing,0.30532483721675235,Protect,position worse than typical decliner (5.5); CTR below typical decliner (0.3%); click volume below typical decliner (19)
client_08a6a72ff48e62c0,content_4169b5be4680c8ce,Growing,0.3050331668438531,Protect,position worse than typical decliner (5.9); CTR below typical decliner (0.3%); click volume below typical decliner (18)
client_08a6a72ff48e62c0,content_8e8c8eae83ed7f74,Growing,0.30502662115359747,Protect,position worse than typical decliner (7.5); CTR below typical decliner (0.2%); click volume below typical decliner (18)
client_08a6a72ff48e62c0,content_63fe3abe0f0e9b5f,Growing,0.3047569068299123,Protect,position worse than typical decliner (12.1); click volume below typical decliner (14)
client_3ffa76342f366962,content_c7d78104b5d22f21,Growing,0.3043895057864948,Protect,position worse than typical decliner (6.5); click volume below typical decliner (13)
client_08a6a72ff48e62c0,content_4aff414b9201ba00,Growing,0.30430042493414633,Protect,position worse than typical decliner (7.5); CTR below typical decliner (0.2%); click volume below typical decliner (17)
client_08a6a72ff48e62c0,content_c7e7fe492aab5786,Growing,0.3036534318177503,Protect,position worse than typical decliner (7.1); CTR below typical decliner (0.3%); click volume below typical decliner (18)
client_08a6a72ff48e62c0,content_d51e0b5792be0237,Growing,0.30337866392892004,Protect,position worse than typical decliner (7.7); click volume below typical decliner (15)
client_08a6a72ff48e62c0,content_06161601bd898c97,Growing,0.3032885109569508,Protect,position worse than typical decliner (8.0); CTR below typical decliner (0.3%)
client_08a6a72ff48e62c0,content_718de66aefaa31e0,Growing,0.30326537628617695,Protect,position worse than typical decliner (6.1); click volume below typical decliner (14)
client_08a6a72ff48e62c0,content_20cead27dc0a0745,Growing,0.30306768848987625,Protect,position worse than typical decliner (6.7); CTR below typical decliner (0.2%)
client_08a6a72ff48e62c0,content_3d8c15facc885f96,Growing,0.3026734972231251,Protect,position worse than typical decliner (9.2); CTR below typical decliner (0.3%); click volume below typical decliner (19)
client_9958f0a7ae1df715,content_5d517fe3bd29e6b3,Growing,0.3025409763202273,Protect,position worse than typical decliner (10.9); click volume below typical decliner (12)
client_08a6a72ff48e62c0,content_7967d8a1e0587798,Growing,0.30253751156599473,Protect,position worse than typical decliner (10.4); CTR below typical decliner (0.3%); click volume below typical decliner (19)
client_9958f0a7ae1df715,content_019b9a8f4e71aa0f,Growing,0.3019370505431437,Protect,position worse than typical decliner (5.8); click volume below typical decliner (11)
client_08a6a72ff48e62c0,content_a281974ca03ca2a7,Stable,0.30155921463945257,Monitor,CTR below typical decliner (0.4%)
client_08a6a72ff48e62c0,content_8113fb6136416286,Stable,0.3011441078198128,Monitor,position worse than typical decliner (5.4); CTR below typical decliner (0.3%); click volume below typical decliner (20)
client_08a6a72ff48e62c0,content_c53629557cd219ce,Growing,0.30057373930872233,Protect,position worse than typical decliner (7.3); CTR below typical decliner (0.3%)
client_9958f0a7ae1df715,content_c746f544161a1218,Growing,0.30049998051006255,Protect,position worse than typical decliner (9.0); CTR below typical decliner (0.2%)
client_08a6a72ff48e62c0,content_d0fc8a1cc34f42f8,Stable,0.2997360465761149,Monitor,position worse than typical decliner (6.1); CTR below typical decliner (0.3%); click volume below typical decliner (21)
client_08a6a72ff48e62c0,content_9f814d47aebfb1d9,Growing,0.29928960099833757,Protect,position worse than typical decliner (8.3); CTR below typical decliner (0.1%); click volume below typical decliner (19)
client_08a6a72ff48e62c0,content_6a90e8c9a3d4465e,Growing,0.29922326224204954,Protect,position worse than typical decliner (6.6); CTR below typical decliner (0.2%)
client_08a6a72ff48e62c0,content_2402e2330caf5055,Stable,0.2984261945756079,Monitor,position worse than typical decliner (5.9); CTR below typical decliner (0.3%)
client_08a6a72ff48e62c0,content_e47b405bce046795,Growing,0.29837970953302806,Protect,position worse than typical decliner (5.7); click volume below typical decliner (13)
client_08a6a72ff48e62c0,content_472dfef7b49a4216,Growing,0.2979621192230817,Protect,position worse than typical decliner (5.7); CTR below typical decliner (0.3%); click volume below typical decliner (19)
client_08a6a72ff48e62c0,content_e81e988b16c759a0,Growing,0.29690356612533436,Protect,click volume below typical decliner (11)
client_08a6a72ff48e62c0,content_352b4f2597965276,Growing,0.29660712975723935,Protect,position worse than typical decliner (9.3); click volume below typical decliner (12)
client_08a6a72ff48e62c0,content_3be3c35908313f7c,Growing,0.2963904781632213,Protect,position worse than typical decliner (7.0); CTR below typical decliner (0.2%); click volume below typical decliner (18)
client_08a6a72ff48e62c0,content_b81eda5364714691,Stable,0.2961539274121369,Monitor,position worse than typical decliner (5.1); CTR below typical decliner (0.3%)
client_08a6a72ff48e62c0,content_8cfb2eae03d09ccb,Growing,0.2960419091395723,Protect,position worse than typical decliner (6.0); CTR below typical decliner (0.5%); click volume below typical decliner (12)
client_08a6a72ff48e62c0,content_b88af57b9fc2b47e,Growing,0.29492322726322906,Protect,position worse than typical decliner (7.0); CTR below typical decliner (0.3%)
client_08a6a72ff48e62c0,content_9d61e67439c56f58,Growing,0.29472181116267093,Protect,position worse than typical decliner (7.6); CTR below typical decliner (0.2%)
client_08a6a72ff48e62c0,content_41053ab3e93d1b3c,Growing,0.29468740006370914,Protect,position worse than typical decliner (6.8); click volume below typical decliner (13)
client_08a6a72ff48e62c0,content_683007bfd29ed994,Growing,0.29438560422593896,Protect,position worse than typical decliner (7.2); click volume below typical decliner (11)
client_08a6a72ff48e62c0,content_17e1311b8280517e,Growing,0.2937372968100583,Protect,position worse than typical decliner (5.6); CTR below typical decliner (0.4%); click volume below typical decliner (11)
client_08a6a72ff48e62c0,content_8c19ea37158112ea,Growing,0.29344834207211495,Protect,position worse than typical decliner (5.7); click volume below typical decliner (13)
client_08a6a72ff48e62c0,content_11c95be2d8d14d07,Stable,0.2932150280360704,Monitor,CTR below typical decliner (0.3%)
client_08a6a72ff48e62c0,content_0b4e62052f6ee0e8,Growing,0.2931033374581656,Protect,position worse than typical decliner (7.5); click volume below typical decliner (13)
client_08a6a72ff48e62c0,content_09c96ca5175f1c37,Growing,0.29272024707312955,Protect,position worse than typical decliner (7.6); click volume below typical decliner (11)
client_08a6a72ff48e62c0,content_ea84a7ac8c8f90e2,Growing,0.29179403415271044,Protect,position worse than typical decliner (7.8); CTR below typical decliner (0.2%); click volume below typical decliner (18)
client_9958f0a7ae1df715,content_3d5831138dc766c4,Growing,0.2915055515336201,Protect,position worse than typical decliner (15.6); click volume below typical decliner (11)
client_08a6a72ff48e62c0,content_3b7b46572abf789e,Growing,0.29092232408311874,Protect,position worse than typical decliner (7.2); CTR below typical decliner (0.2%); click volume below typical decliner (22)
client_08a6a72ff48e62c0,content_b76f0b515fcee0e0,Stable,0.2907701824709585,Monitor,position worse than typical decliner (5.5); CTR below typical decliner (0.3%)
client_08a6a72ff48e62c0,content_8e9586d8a49a3b6f,Growing,0.2905892520044381,Protect,position worse than typical decliner (6.5); CTR below typical decliner (0.2%); click volume below typical decliner (23)
client_08a6a72ff48e62c0,content_1117d9d4a54233f5,Growing,0.29055978691005574,Protect,position worse than typical decliner (6.5); click volume below typical decliner (14)
client_08a6a72ff48e62c0,content_81de482015be64e8,Growing,0.2898472080593701,Protect,position worse than typical decliner (8.3); click volume below typical decliner (13)
client_08a6a72ff48e62c0,content_ec14d7f027c152f6,Growing,0.289750506535261,Protect,position worse than typical decliner (8.9); click volume below typical decliner (14)
client_08a6a72ff48e62c0,content_cf692374eac7a9c8,Growing,0.28904230298782446,Protect,position worse than typical decliner (15.0); click volume below typical decliner (13)
client_08a6a72ff48e62c0,content_596099c23d06c96f,Growing,0.28867639764201397,Protect,position worse than typical decliner (6.9); click volume below typical decliner (11)
client_08a6a72ff48e62c0,content_018f5f656a9df11c,Growing,0.28854940486550273,Protect,position worse than typical decliner (6.2); CTR below typical decliner (0.2%)
client_08a6a72ff48e62c0,content_85a16b6e35fbd9da,Stable,0.28853563098388846,Monitor,position worse than typical decliner (5.3); CTR below typical decliner (0.3%)
client_08a6a72ff48e62c0,content_02cf865ff739233b,Stable,0.2880799068747224,Monitor,position worse than typical decliner (5.0); CTR below typical decliner (0.3%)
client_08a6a72ff48e62c0,content_d11ff6feca5957f6,Growing,0.2876214722646911,Protect,position worse than typical decliner (5.4); CTR below typical decliner (0.2%)
client_08a6a72ff48e62c0,content_275c85ae3610636a,Stable,0.2871666643991286,Monitor,CTR below typical decliner (0.3%); click volume below typical decliner (22)
client_08a6a72ff48e62c0,content_f7ae6acfb9308c14,Stable,0.2868693546312901,Monitor,position worse than typical decliner (5.8); CTR below typical decliner (0.3%)
client_08a6a72ff48e62c0,content_3e682832b62d421a,Growing,0.2865140215321226,Protect,position worse than typical decliner (11.7); click volume below typical decliner (11)
client_08a6a72ff48e62c0,content_a1eaa523bcb9f656,Growing,0.2847650270882204,Protect,position worse than typical decliner (6.0); CTR below typical decliner (0.2%); click volume below typical decliner (21)
client_08a6a72ff48e62c0,content_6720664b2bf3e00e,Growing,0.2833527126981458,Protect,position worse than typical decliner (7.5); click volume below typical decliner (11)
client_08a6a72ff48e62c0,content_fbeeb47c31c5e1e4,Growing,0.28279910864950203,Protect,position worse than typical decliner (10.9); click volume below typical decliner (11)
client_08a6a72ff48e62c0,content_a668774535669698,Growing,0.28161140056234496,Protect,position worse than typical decliner (8.0); click volume below typical decliner (12)
client_08a6a72ff48e62c0,content_a8ba00e2f4037526,Growing,0.28161021649966694,Protect,position worse than typical decliner (7.4); click volume below typical decliner (11)
client_08a6a72ff48e62c0,content_2176fa53e31ae394,Stable,0.2815248851536809,Monitor,position worse than typical decliner (5.5); CTR below typical decliner (0.3%)
client_08a6a72ff48e62c0,content_93f1616705538043,Growing,0.28142514280471453,Protect,position worse than typical decliner (10.9); click volume below typical decliner (13)
client_08a6a72ff48e62c0,content_4e80f3aae976b64e,Growing,0.28123870476089946,Protect,position worse than typical decliner (6.6); click volume below typical decliner (12)
client_08a6a72ff48e62c0,content_a8f25757f5344536,Growing,0.27957216341076707,Protect,position worse than typical decliner (9.4); click volume below typical decliner (12)
client_08a6a72ff48e62c0,content_66a8943b31e75030,Growing,0.27921617140646793,Protect,position worse than typical decliner (5.0); CTR below typical decliner (0.2%)
client_9958f0a7ae1df715,content_7a1bdd56e533fef5,Growing,0.2776394573054451,Protect,position worse than typical decliner (9.4); click volume below typical decliner (12)
client_08a6a72ff48e62c0,content_88e1f5ed60483c9b,Growing,0.2758933996226452,Protect,position worse than typical decliner (7.8); click volume below typical decliner (12)
client_08a6a72ff48e62c0,content_3af80869ea3ca1c7,Growing,0.27588911092996105,Protect,position worse than typical decliner (7.9); click volume below typical decliner (11)
client_08a6a72ff48e62c0,content_0eeee44c675bca8e,Stable,0.2748662582007194,Monitor,position worse than typical decliner (5.5); CTR below typical decliner (0.2%); click volume below typical decliner (21)
client_08a6a72ff48e62c0,content_e7133133fb93bb38,Growing,0.2746704815234715,Protect,position worse than typical decliner (13.9); click volume below typical decliner (11)
client_08a6a72ff48e62c0,content_e7ecc6d28a628c55,Growing,0.2735641738345327,Protect,CTR below typical decliner (0.2%)
client_08a6a72ff48e62c0,content_4cc13a6d48978edd,Growing,0.2719945063354769,Protect,position worse than typical decliner (5.6); CTR below typical decliner (0.1%)
client_08a6a72ff48e62c0,content_515c0cc59daef734,Growing,0.26864601731653853,Protect,position worse than typical decliner (6.9); click volume below typical decliner (11)
client_9958f0a7ae1df715,content_ae445d2d361a3e57,Growing,0.26337528897562745,Protect,position worse than typical decliner (7.6); click volume below typical decliner (11)
client_08a6a72ff48e62c0,content_887e337cc90e90fc,Stable,0.25788207600815244,Monitor,position worse than typical decliner (6.3); CTR below typical decliner (0.1%)
client_08a6a72ff48e62c0,content_6a1ee96128027cbc,Growing,0.25677421443502224,Protect,position worse than typical decliner (6.8); CTR below typical decliner (0.1%)
client_08a6a72ff48e62c0,content_58896512a411011b,Growing,0.2539847678779633,Protect,position worse than typical decliner (7.9); CTR below typical decliner (0.1%)
